<?xml version="1.0" encoding="ISO-8859-1"?>
<gfc:FC_FeatureCatalogue xmlns:gfc="http://www.isotc211.org/2005/gfc">
   <gmx:name xmlns:gmx="http://www.isotc211.org/2005/gmx">
      <gco:CharacterString xmlns:gco="http://www.isotc211.org/2005/gco">Feature Catalog for the 2013 2010 Urban Area 
        1:500,000</gco:CharacterString>
   </gmx:name>
   <gmx:scope xmlns:gmx="http://www.isotc211.org/2005/gmx">
      <gco:CharacterString xmlns:gco="http://www.isotc211.org/2005/gco">The 2010 Urban Area at a scale of
        1:500,000</gco:CharacterString>
   </gmx:scope>
   <gmx:versionNumber xmlns:gmx="http://www.isotc211.org/2005/gmx">
      <gco:CharacterString xmlns:gco="http://www.isotc211.org/2005/gco"/>
   </gmx:versionNumber>
   <gmx:versionDate xmlns:gmx="http://www.isotc211.org/2005/gmx">
      <gco:Date xmlns:gco="http://www.isotc211.org/2005/gco">2014-04-</gco:Date>
   </gmx:versionDate>
   <gmx:language xmlns:gmx="http://www.isotc211.org/2005/gmx">
      <gco:CharacterString xmlns:gco="http://www.isotc211.org/2005/gco">eng</gco:CharacterString>
   </gmx:language>
   <gmx:characterSet xmlns:gmx="http://www.isotc211.org/2005/gmx">
      <gmd:MD_CharacterSetCode xmlns:gmd="http://www.isotc211.org/2005/gmd"
                               codeList="http://www.isotc211.org/2005/resources/Codelist/gmxCodelists.xml#MD_CharacterSetCode"
                               codeListValue="utf8"
                               codeSpace="004">utf8
            </gmd:MD_CharacterSetCode>
   </gmx:characterSet>
   <gfc:producer xmlns:xlink="http://www.w3.org/1999/xlink"
                 xlink:href="https://www.ngdc.noaa.gov/docucomp/8dd6ee96-96e1-492c-be55-76cdde8f27f1"
                 xlink:title="pointofContact - U.S. Department of Commerce, U.S. Census Bureau, Geography Division/Cartographic Products Branch"/>
   <gfc:featureType>
      <gfc:FC_FeatureType>
         <gfc:typeName>
            <gco:LocalName xmlns:gco="http://www.isotc211.org/2005/gco">cb_2013_us_ua10_500k.shp</gco:LocalName>
         </gfc:typeName>
         <gfc:definition>
            <gco:CharacterString xmlns:gco="http://www.isotc211.org/2005/gco">2010 Urban Area (UA) National entities</gco:CharacterString>
         </gfc:definition>
         <gfc:isAbstract>
            <gco:Boolean xmlns:gco="http://www.isotc211.org/2005/gco">false</gco:Boolean>
         </gfc:isAbstract>
         <gfc:featureCatalogue uuidref="2013_ua10_500k.ea.iso.xml"/>
         <gfc:carrierOfCharacteristics>
            <gfc:FC_FeatureAttribute>
               <gfc:memberName>
                  <gco:LocalName xmlns:gco="http://www.isotc211.org/2005/gco">UACE10</gco:LocalName>
               </gfc:memberName>
               <gfc:definition>
                  <gco:CharacterString xmlns:gco="http://www.isotc211.org/2005/gco">2010 Census urban area code</gco:CharacterString>
               </gfc:definition>
               <gfc:cardinality xmlns:gco="http://www.isotc211.org/2005/gco" gco:nilReason="unknown"/>
               <gfc:definitionReference xmlns:xlink="http://www.w3.org/1999/xlink" xlink:title="U.S. Census Bureau"
                                        xlink:href="http://www.ngdc.noaa.gov/docucomp/eb139e38-ee29-4d59-b157-5e874d4420c4"/>
               <gfc:listedValue>
                  <gfc:FC_ListedValue>
                     <gfc:label>
                        <gco:CharacterString xmlns:gco="http://www.isotc211.org/2005/gco">00001 to 98999</gco:CharacterString>
                     </gfc:label>
                     <gfc:definition>
                        <gco:CharacterString xmlns:gco="http://www.isotc211.org/2005/gco">Urban Area Code</gco:CharacterString>
                     </gfc:definition>
                     <gfc:definitionReference xmlns:xlink="http://www.w3.org/1999/xlink" xlink:title="U.S. Census Bureau"
                                              xlink:href="http://www.ngdc.noaa.gov/docucomp/eb139e38-ee29-4d59-b157-5e874d4420c4"/>
                  </gfc:FC_ListedValue>
               </gfc:listedValue>
            </gfc:FC_FeatureAttribute>
         </gfc:carrierOfCharacteristics>
         <gfc:carrierOfCharacteristics>
            <gfc:FC_FeatureAttribute>
               <gfc:memberName>
                  <gco:LocalName xmlns:gco="http://www.isotc211.org/2005/gco">AFFGEOID10</gco:LocalName>
               </gfc:memberName>
               <gfc:definition>
                  <gco:CharacterString xmlns:gco="http://www.isotc211.org/2005/gco">American FactFinder summary level code + geovariant code
        + '00US' + GEOID</gco:CharacterString>
               </gfc:definition>
               <gfc:cardinality xmlns:gco="http://www.isotc211.org/2005/gco" gco:nilReason="unknown"/>
               <gfc:definitionReference xmlns:xlink="http://www.w3.org/1999/xlink" xlink:title="U.S. Census Bureau"
                                        xlink:href="http://www.ngdc.noaa.gov/docucomp/eb139e38-ee29-4d59-b157-5e874d4420c4"/>
               <gfc:listedValue>
                  <gfc:FC_ListedValue>
                     <gfc:label>
                        <gco:CharacterString xmlns:gco="http://www.isotc211.org/2005/gco">American FactFinder geographic
        identifier</gco:CharacterString>
                     </gfc:label>
                     <gfc:definitionReference xmlns:xlink="http://www.w3.org/1999/xlink" xlink:title="U.S. Census Bureau"
                                              xlink:href="http://www.ngdc.noaa.gov/docucomp/eb139e38-ee29-4d59-b157-5e874d4420c4"/>
                  </gfc:FC_ListedValue>
               </gfc:listedValue>
            </gfc:FC_FeatureAttribute>
         </gfc:carrierOfCharacteristics>
         <gfc:carrierOfCharacteristics>
            <gfc:FC_FeatureAttribute>
               <gfc:memberName>
                  <gco:LocalName xmlns:gco="http://www.isotc211.org/2005/gco">GEOID10</gco:LocalName>
               </gfc:memberName>
               <gfc:definition>
                  <gco:CharacterString xmlns:gco="http://www.isotc211.org/2005/gco">2010 Census Urban area identifier, 2010 Census urban
        area code</gco:CharacterString>
               </gfc:definition>
               <gfc:cardinality xmlns:gco="http://www.isotc211.org/2005/gco" gco:nilReason="unknown"/>
               <gfc:definitionReference xmlns:xlink="http://www.w3.org/1999/xlink" xlink:title="U.S. Census Bureau"
                                        xlink:href="http://www.ngdc.noaa.gov/docucomp/eb139e38-ee29-4d59-b157-5e874d4420c4"/>
               <gfc:listedValue>
                  <gfc:FC_ListedValue>
                     <gfc:label>
                        <gco:CharacterString xmlns:gco="http://www.isotc211.org/2005/gco">National Standard Codes (ANSI INCITS 38-2009), Federal
        Information Processing Series (FIPS) - States/State Equivalents, The urban area code that
        appears in UACE10</gco:CharacterString>
                     </gfc:label>
                     <gfc:definitionReference xmlns:xlink="http://www.w3.org/1999/xlink" xlink:title="U.S. Census Bureau"
                                              xlink:href="http://www.ngdc.noaa.gov/docucomp/eb139e38-ee29-4d59-b157-5e874d4420c4"/>
                  </gfc:FC_ListedValue>
               </gfc:listedValue>
            </gfc:FC_FeatureAttribute>
         </gfc:carrierOfCharacteristics>
         <gfc:carrierOfCharacteristics>
            <gfc:FC_FeatureAttribute>
               <gfc:memberName>
                  <gco:LocalName xmlns:gco="http://www.isotc211.org/2005/gco">NAME10</gco:LocalName>
               </gfc:memberName>
               <gfc:definition>
                  <gco:CharacterString xmlns:gco="http://www.isotc211.org/2005/gco">2010 Census Urban area name</gco:CharacterString>
               </gfc:definition>
               <gfc:cardinality xmlns:gco="http://www.isotc211.org/2005/gco" gco:nilReason="unknown"/>
               <gfc:definitionReference xmlns:xlink="http://www.w3.org/1999/xlink" xlink:title="U.S. Census Bureau"
                                        xlink:href="http://www.ngdc.noaa.gov/docucomp/eb139e38-ee29-4d59-b157-5e874d4420c4"/>
               <gfc:listedValue>
                  <gfc:FC_ListedValue>
                     <gfc:label xmlns:gco="http://www.isotc211.org/2005/gco" gco:nilReason="inapplicable"/>
                     <gfc:definition>
                        <gco:CharacterString xmlns:gco="http://www.isotc211.org/2005/gco">data are unavailable</gco:CharacterString>
                     </gfc:definition>
                  </gfc:FC_ListedValue>
               </gfc:listedValue>
            </gfc:FC_FeatureAttribute>
         </gfc:carrierOfCharacteristics>
         <gfc:carrierOfCharacteristics>
            <gfc:FC_FeatureAttribute>
               <gfc:memberName>
                  <gco:LocalName xmlns:gco="http://www.isotc211.org/2005/gco">LSAD10</gco:LocalName>
               </gfc:memberName>
               <gfc:definition>
                  <gco:CharacterString xmlns:gco="http://www.isotc211.org/2005/gco">2010 Census legal/statistical area description code for
        urban area</gco:CharacterString>
               </gfc:definition>
               <gfc:cardinality xmlns:gco="http://www.isotc211.org/2005/gco" gco:nilReason="unknown"/>
               <gfc:definitionReference xmlns:xlink="http://www.w3.org/1999/xlink" xlink:title="U.S. Census Bureau"
                                        xlink:href="http://www.ngdc.noaa.gov/docucomp/eb139e38-ee29-4d59-b157-5e874d4420c4"/>
               <gfc:listedValue>
                  <gfc:FC_ListedValue>
                     <gfc:label>
                        <gco:CharacterString xmlns:gco="http://www.isotc211.org/2005/gco">75</gco:CharacterString>
                     </gfc:label>
                     <gfc:definition>
                        <gco:CharacterString xmlns:gco="http://www.isotc211.org/2005/gco">Urbanized Area</gco:CharacterString>
                     </gfc:definition>
                     <gfc:definitionReference xmlns:xlink="http://www.w3.org/1999/xlink" xlink:title="U.S. Census Bureau"
                                              xlink:href="http://www.ngdc.noaa.gov/docucomp/eb139e38-ee29-4d59-b157-5e874d4420c4"/>
                  </gfc:FC_ListedValue>
               </gfc:listedValue>
               <gfc:listedValue>
                  <gfc:FC_ListedValue>
                     <gfc:label>
                        <gco:CharacterString xmlns:gco="http://www.isotc211.org/2005/gco">76</gco:CharacterString>
                     </gfc:label>
                     <gfc:definition>
                        <gco:CharacterString xmlns:gco="http://www.isotc211.org/2005/gco">Urban Cluster</gco:CharacterString>
                     </gfc:definition>
                     <gfc:definitionReference xmlns:xlink="http://www.w3.org/1999/xlink" xlink:title="U.S. Census Bureau"
                                              xlink:href="http://www.ngdc.noaa.gov/docucomp/eb139e38-ee29-4d59-b157-5e874d4420c4"/>
                  </gfc:FC_ListedValue>
               </gfc:listedValue>
            </gfc:FC_FeatureAttribute>
         </gfc:carrierOfCharacteristics>
         <gfc:carrierOfCharacteristics>
            <gfc:FC_FeatureAttribute>
               <gfc:memberName>
                  <gco:LocalName xmlns:gco="http://www.isotc211.org/2005/gco">UATYP10</gco:LocalName>
               </gfc:memberName>
               <gfc:definition>
                  <gco:CharacterString xmlns:gco="http://www.isotc211.org/2005/gco">2010 Census urban area type</gco:CharacterString>
               </gfc:definition>
               <gfc:cardinality xmlns:gco="http://www.isotc211.org/2005/gco" gco:nilReason="unknown"/>
               <gfc:definitionReference xmlns:xlink="http://www.w3.org/1999/xlink" xlink:title="U.S. Census Bureau"
                                        xlink:href="http://www.ngdc.noaa.gov/docucomp/eb139e38-ee29-4d59-b157-5e874d4420c4"/>
               <gfc:listedValue>
                  <gfc:FC_ListedValue>
                     <gfc:label>
                        <gco:CharacterString xmlns:gco="http://www.isotc211.org/2005/gco">U</gco:CharacterString>
                     </gfc:label>
                     <gfc:definition>
                        <gco:CharacterString xmlns:gco="http://www.isotc211.org/2005/gco">Urbanized Area (suffix)</gco:CharacterString>
                     </gfc:definition>
                     <gfc:definitionReference xmlns:xlink="http://www.w3.org/1999/xlink" xlink:title="U.S. Census Bureau"
                                              xlink:href="http://www.ngdc.noaa.gov/docucomp/eb139e38-ee29-4d59-b157-5e874d4420c4"/>
                  </gfc:FC_ListedValue>
               </gfc:listedValue>
               <gfc:listedValue>
                  <gfc:FC_ListedValue>
                     <gfc:label>
                        <gco:CharacterString xmlns:gco="http://www.isotc211.org/2005/gco">C</gco:CharacterString>
                     </gfc:label>
                     <gfc:definition>
                        <gco:CharacterString xmlns:gco="http://www.isotc211.org/2005/gco">Urban Cluster (suffix)</gco:CharacterString>
                     </gfc:definition>
                     <gfc:definitionReference xmlns:xlink="http://www.w3.org/1999/xlink" xlink:title="U.S. Census Bureau"
                                              xlink:href="http://www.ngdc.noaa.gov/docucomp/eb139e38-ee29-4d59-b157-5e874d4420c4"/>
                  </gfc:FC_ListedValue>
               </gfc:listedValue>
            </gfc:FC_FeatureAttribute>
         </gfc:carrierOfCharacteristics>
         <gfc:carrierOfCharacteristics>
            <gfc:FC_FeatureAttribute>
               <gfc:memberName>
                  <gco:LocalName xmlns:gco="http://www.isotc211.org/2005/gco">ALAND</gco:LocalName>
               </gfc:memberName>
               <gfc:definition>
                  <gco:CharacterString xmlns:gco="http://www.isotc211.org/2005/gco">Current land area (square meters)</gco:CharacterString>
               </gfc:definition>
               <gfc:cardinality xmlns:gco="http://www.isotc211.org/2005/gco" gco:nilReason="unknown"/>
               <gfc:definitionReference xmlns:xlink="http://www.w3.org/1999/xlink" xlink:title="U.S. Census Bureau"
                                        xlink:href="http://www.ngdc.noaa.gov/docucomp/eb139e38-ee29-4d59-b157-5e874d4420c4"/>
               <gfc:valueMeasurementUnit>
                  <gml:DerivedUnit xmlns:gml="http://www.opengis.net/gml/3.2" gml:id="areaInMetersSquaredforALAND">
                     <gml:identifier codeSpace="area"/>
                     <gml:derivationUnitTerm uom="m" exponent="2"/>
                  </gml:DerivedUnit>
               </gfc:valueMeasurementUnit>
               <gfc:listedValue>
                  <gfc:FC_ListedValue>
                     <gfc:label xmlns:gco="http://www.isotc211.org/2005/gco" gco:nilReason="inapplicable"/>
                     <gfc:definition>
                        <gco:CharacterString xmlns:gco="http://www.isotc211.org/2005/gco">
                                            Range Domain Minimum: 0
                                            Range Domain Maximum: 9,999,999,999,999</gco:CharacterString>
                     </gfc:definition>
                  </gfc:FC_ListedValue>
               </gfc:listedValue>
            </gfc:FC_FeatureAttribute>
         </gfc:carrierOfCharacteristics>
         <gfc:carrierOfCharacteristics>
            <gfc:FC_FeatureAttribute>
               <gfc:memberName>
                  <gco:LocalName xmlns:gco="http://www.isotc211.org/2005/gco">AWATER</gco:LocalName>
               </gfc:memberName>
               <gfc:definition>
                  <gco:CharacterString xmlns:gco="http://www.isotc211.org/2005/gco">Current water area (square
        meters)</gco:CharacterString>
               </gfc:definition>
               <gfc:cardinality xmlns:gco="http://www.isotc211.org/2005/gco" gco:nilReason="unknown"/>
               <gfc:definitionReference xmlns:xlink="http://www.w3.org/1999/xlink" xlink:title="U.S. Census Bureau"
                                        xlink:href="http://www.ngdc.noaa.gov/docucomp/eb139e38-ee29-4d59-b157-5e874d4420c4"/>
               <gfc:valueMeasurementUnit>
                  <gml:DerivedUnit xmlns:gml="http://www.opengis.net/gml/3.2" gml:id="areaInMetersSquaredforAWATER">
                     <gml:identifier codeSpace="area"/>
                     <gml:derivationUnitTerm uom="m" exponent="2"/>
                  </gml:DerivedUnit>
               </gfc:valueMeasurementUnit>
               <gfc:listedValue>
                  <gfc:FC_ListedValue>
                     <gfc:label xmlns:gco="http://www.isotc211.org/2005/gco" gco:nilReason="inapplicable"/>
                     <gfc:definition>
                        <gco:CharacterString xmlns:gco="http://www.isotc211.org/2005/gco">
                                            Range Domain Minimum: 0
                                            Range Domain Maximum: 9,999,999,999,999</gco:CharacterString>
                     </gfc:definition>
                  </gfc:FC_ListedValue>
               </gfc:listedValue>
            </gfc:FC_FeatureAttribute>
         </gfc:carrierOfCharacteristics>
      </gfc:FC_FeatureType>
   </gfc:featureType>
</gfc:FC_FeatureCatalogue>